<?xml version="1.0" encoding="UTF-8"?>
<project-private xmlns="http://www.netbeans.org/ns/project-private/1">
    <editor-bookmarks xmlns="http://www.netbeans.org/ns/editor-bookmarks/2" lastBookmarkId="0"/>
    <open-files xmlns="http://www.netbeans.org/ns/projectui-open-files/2">
        <group>
            <file>file:/C:/Users/edwar/Documents/NetBeansProjects/WebEspias/src/java/gestiondocumentalbase/GestionArchivos.java</file>
            <file>file:/C:/Users/edwar/Documents/NetBeansProjects/WebEspias/src/java/service/gestionDocumental.java</file>
            <file>file:/C:/Users/edwar/Documents/NetBeansProjects/WebEspias/src/java/gestiondocumentalbase/jdbc/DocumentoDao.java</file>
            <file>file:/C:/Users/edwar/Documents/NetBeansProjects/WebEspias/src/java/qrgenerador/CreadorQR.java</file>
            <file>file:/C:/Users/edwar/Documents/NetBeansProjects/WebEspias/src/java/gestiondocumentalbase/dto/Documento.java</file>
        </group>
    </open-files>
</project-private>
